zeitpunkt,arm,profil,sf,fanout,lauf,clients,dauer_s,operationen,fehler,median_ms,p95_ms,durchsatz_ops,geschrieben_schnitt
2026-09-30 00:32:47,B,L4-Q1,sf1,0,1,4,120.4,818,0,585.827,679.393,6.8,0.0
2026-09-30 00:36:00,B,L4-Q1,sf1,0,2,4,121.2,0,16,0,0.0,0.0,0
2026-09-30 00:39:02,B,L4-Q1,sf1,0,2,4,121.1,0,16,0,0.0,0.0,0
2026-09-30 00:42:05,B,L4-Q1,sf1,0,3,4,121.7,0,16,0,0.0,0.0,0
2026-09-30 00:45:08,B,L4-Q1,sf1,0,3,4,121.5,0,16,0,0.0,0.0,0
2026-09-30 00:48:10,B,L4-Q1,sf1,0,4,4,121.5,0,16,0,0.0,0.0,0
2026-09-30 00:51:12,B,L4-Q1,sf1,0,4,4,120.8,0,16,0,0.0,0.0,0
2026-09-30 00:54:15,B,L4-Q1,sf1,0,5,4,121.1,0,16,0,0.0,0.0,0
2026-09-30 00:57:17,B,L4-Q1,sf1,0,5,4,121.1,0,16,0,0.0,0.0,0
2026-09-30 01:00:19,B,L4-Q2,sf1,0,1,4,120.9,0,16,0,0.0,0.0,0
2026-09-30 01:03:21,B,L4-Q2,sf1,0,1,4,121.3,0,16,0,0.0,0.0,0
2026-09-30 01:06:23,B,L4-Q2,sf1,0,2,4,121.2,0,16,0,0.0,0.0,0
2026-09-30 01:09:25,B,L4-Q2,sf1,0,2,4,121.2,0,16,0,0.0,0.0,0
2026-09-30 01:12:27,B,L4-Q2,sf1,0,3,4,121.1,0,16,0,0.0,0.0,0
2026-09-30 01:15:30,B,L4-Q2,sf1,0,3,4,121.2,0,16,0,0.0,0.0,0
2026-09-30 01:18:32,B,L4-Q2,sf1,0,4,4,120.9,0,16,0,0.0,0.0,0
2026-09-30 01:21:35,B,L4-Q2,sf1,0,4,4,121.3,0,16,0,0.0,0.0,0
2026-09-30 01:24:37,B,L4-Q2,sf1,0,5,4,121.2,0,16,0,0.0,0.0,0
2026-09-30 01:27:39,B,L4-Q2,sf1,0,5,4,120.9,0,16,0,0.0,0.0,0
