profil,sf,fanout,vergleich,arm_x,arm_y,p95_x_ms,p95_y_ms,p95_schneller,p95_faktor,p95_prozent,p95_spannweiten_getrennt,p95_effekt,median_x_ms,median_y_ms,median_schneller,median_faktor,median_prozent,median_spannweiten_getrennt,median_effekt,urteile_weichen_ab
L1,sf1,0,Modelleffekt,B,C,1.135,0.323,C,3.5139,251.39,True,True,0.856,0.202,C,4.2376,323.76,True,True,False
L1,sf1,0,Systemeffekt,A,B,0.187,1.135,A,6.0695,506.95,True,True,0.129,0.856,A,6.6357,563.57,True,True,False
L1,sf1,0,Gesamtunterschied,A,C,0.187,0.323,A,1.7273,72.73,True,True,0.129,0.202,A,1.5659,56.59,True,True,False
L1,sf2,0,Modelleffekt,B,C,1.393,0.382,C,3.6466,264.66,True,True,1.031,0.235,C,4.3872,338.72,True,True,False
L1,sf2,0,Systemeffekt,A,B,0.603,1.393,A,2.3101,131.01,True,True,0.552,1.031,A,1.8678,86.78,True,True,False
L1,sf2,0,Gesamtunterschied,A,C,0.603,0.382,C,1.5785,57.85,True,True,0.552,0.235,C,2.3489,134.89,True,True,False
L2,sf1,0,Modelleffekt,B,C,1.285,1.267,C,1.0142,1.42,False,False,0.916,0.9,C,1.0178,1.78,False,False,False
L2,sf1,0,Systemeffekt,A,B,0.661,1.285,A,1.944,94.4,True,True,0.589,0.916,A,1.5552,55.52,True,True,False
L2,sf1,0,Gesamtunterschied,A,C,0.661,1.267,A,1.9168,91.68,True,True,0.589,0.9,A,1.528,52.8,True,True,False
L3,sf1,10,Modelleffekt,B,C,0.692,1.56,B,2.2543,125.43,True,True,0.387,1.212,B,3.1318,213.18,True,True,False
L3,sf1,10,Systemeffekt,A,B,0.39,0.692,A,1.7744,77.44,True,True,0.266,0.387,A,1.4549,45.49,True,True,False
L3,sf1,10,Gesamtunterschied,A,C,0.39,1.56,A,4.0,300.0,True,True,0.266,1.212,A,4.5564,355.64,True,True,False
L3,sf1,100,Modelleffekt,B,C,0.688,6.338,B,9.2122,821.22,True,True,0.388,2.519,B,6.4923,549.23,True,True,False
L3,sf1,100,Systemeffekt,A,B,0.376,0.688,A,1.8298,82.98,True,True,0.266,0.388,A,1.4586,45.86,True,True,False
L3,sf1,100,Gesamtunterschied,A,C,0.376,6.338,A,16.8564,1585.64,True,True,0.266,2.519,A,9.4699,846.99,True,True,False
L3,sf1,1000,Modelleffekt,B,C,0.625,15.615,B,24.984,2398.4,True,True,0.387,12.336,B,31.876,3087.6,True,True,False
L3,sf1,1000,Systemeffekt,A,B,0.377,0.625,A,1.6578,65.78,True,True,0.267,0.387,A,1.4494,44.94,True,True,False
L3,sf1,1000,Gesamtunterschied,A,C,0.377,15.615,A,41.4191,4041.91,True,True,0.267,12.336,A,46.2022,4520.22,True,True,False
L4-Q1,sf1,0,Modelleffekt,B,C,132.779,73.866,C,1.7976,79.76,True,True,123.82,70.923,C,1.7458,74.58,True,True,False
L4-Q1,sf1,0,Systemeffekt,A,B,102.136,132.779,A,1.3,30.0,True,True,89.057,123.82,A,1.3903,39.03,True,True,False
L4-Q1,sf1,0,Gesamtunterschied,A,C,102.136,73.866,C,1.3827,38.27,True,True,89.057,70.923,C,1.2557,25.57,True,True,False
L4-Q1,sf2,0,Modelleffekt,B,C,13710.95,5129.852,C,2.6728,167.28,True,True,12858.878,4960.855,C,2.5921,159.21,True,True,False
L4-Q1,sf2,0,Systemeffekt,A,B,2524.347,13710.95,A,5.4315,443.15,True,True,1951.815,12858.878,A,6.5882,558.82,True,True,False
L4-Q1,sf2,0,Gesamtunterschied,A,C,2524.347,5129.852,A,2.0322,103.22,True,True,1951.815,4960.855,A,2.5417,154.17,True,True,False
L4-Q2,sf1,0,Modelleffekt,B,C,19.15,21.781,B,1.1374,13.74,True,True,16.952,19.681,B,1.161,16.1,True,True,False
L4-Q2,sf1,0,Systemeffekt,A,B,4.998,19.15,A,3.8315,283.15,True,True,4.739,16.952,A,3.5771,257.71,True,True,False
L4-Q2,sf1,0,Gesamtunterschied,A,C,4.998,21.781,A,4.3579,335.79,True,True,4.739,19.681,A,4.153,315.3,True,True,False
L4-Q2,sf2,0,Modelleffekt,B,C,262.317,4789.258,B,18.2575,1725.75,True,True,249.033,4558.493,B,18.3048,1730.48,True,True,False
L4-Q2,sf2,0,Systemeffekt,A,B,70.227,262.317,A,3.7353,273.53,True,True,68.317,249.033,A,3.6453,264.53,True,True,False
L4-Q2,sf2,0,Gesamtunterschied,A,C,70.227,4789.258,A,68.1968,6719.68,True,True,68.317,4558.493,A,66.7256,6572.56,True,True,False
