sf,profil,fanout,arm,median_ms,median_ms_min,median_ms_max,p95_ms,p95_ms_min,p95_ms_max,durchsatz_ops,durchsatz_ops_min,durchsatz_ops_max,geschrieben
sf1,L1,0,A,0.129,0.126,0.13,0.187,0.186,0.202,29420.6,29003.8,30007.7,0.0
sf1,L1,0,B,0.856,0.854,0.868,1.135,1.128,1.21,4532.5,4437.2,4547.5,0.0
sf1,L1,0,C,0.202,0.201,0.202,0.323,0.322,0.324,18601.0,18546.6,18684.7,0.0
sf2,L1,0,A,0.552,0.551,0.552,0.603,0.602,0.603,7198.7,7196.7,7209.4,0.0
sf2,L1,0,B,1.031,1.017,1.047,1.393,1.372,1.406,3770.3,3721.1,3820.2,0.0
sf2,L1,0,C,0.235,0.234,0.236,0.382,0.378,0.384,15936.1,15886.7,16040.3,0.0
sf1,L2,0,A,0.589,0.571,0.593,0.661,0.656,0.669,6753.2,6711.9,6925.2,3.0
sf1,L2,0,B,0.916,0.896,0.942,1.285,1.248,1.313,4240.6,4145.8,4341.9,3.0
sf1,L2,0,C,0.9,0.895,0.909,1.267,1.262,1.284,4336.0,4294.0,4364.1,1.0
sf1,L3,10,A,0.266,0.263,0.271,0.39,0.374,0.402,14361.2,14195.3,14597.4,1.0
sf1,L3,10,B,0.387,0.386,0.396,0.692,0.683,0.71,9194.2,9000.2,9262.5,1.0
sf1,L3,10,C,1.212,1.203,1.222,1.56,1.546,1.588,3199.2,3163.4,3219.7,11.0
sf1,L3,100,A,0.266,0.258,0.271,0.376,0.371,0.381,14495.9,14276.9,14888.8,1.0
sf1,L3,100,B,0.388,0.382,0.395,0.688,0.674,0.703,9229.1,9040.8,9357.0,1.0
sf1,L3,100,C,2.519,2.291,2.636,6.338,3.972,6.886,1293.9,1182.3,1545.7,100.9
sf1,L3,1000,A,0.267,0.265,0.268,0.377,0.376,0.378,14477.5,14374.0,14516.0,1.0
sf1,L3,1000,B,0.387,0.381,0.392,0.625,0.608,0.684,9432.8,9254.1,9694.5,1.0
sf1,L3,1000,C,12.336,12.18,12.479,15.615,15.455,15.846,319.2,315.8,322.9,999.9
sf1,L4-Q1,0,A,89.057,88.73,89.577,102.136,98.717,102.419,48.3,48.2,48.4,0.0
sf1,L4-Q1,0,B,123.82,123.601,124.386,132.779,129.921,135.442,32.2,32.0,32.4,0.0
sf1,L4-Q1,0,C,70.923,70.714,72.347,73.866,73.567,75.588,56.5,55.3,56.6,0.0
sf2,L4-Q1,0,A,1951.815,1942.547,1983.557,2524.347,2380.526,2623.119,2.0,2.0,2.0,0.0
sf2,L4-Q1,0,B,12858.878,12677.333,12899.24,13710.95,13333.823,14378.607,0.3,0.3,0.3,0.0
sf2,L4-Q1,0,C,4960.855,4944.15,4995.169,5129.852,5109.044,5148.351,0.8,0.8,0.8,0.0
sf1,L4-Q2,0,A,4.739,4.733,4.75,4.998,4.994,5.007,840.8,838.8,841.6,0.0
sf1,L4-Q2,0,B,16.952,16.913,17.04,19.15,19.001,19.341,234.8,233.5,235.6,0.0
sf1,L4-Q2,0,C,19.681,19.661,19.756,21.781,21.63,21.879,202.5,201.7,202.8,0.0
sf2,L4-Q2,0,A,68.317,68.198,68.401,70.227,70.139,70.573,58.5,58.5,58.6,0.0
sf2,L4-Q2,0,B,249.033,246.628,250.157,262.317,259.446,264.324,16.1,16.0,16.2,0.0
sf2,L4-Q2,0,C,4558.493,4532.217,4573.547,4789.258,4767.959,4874.282,0.9,0.9,0.9,0.0
